20th Day 2017-2018,,,,Bilingual,,SpED,,Free/Reduced Lunch,
Network,School ID,School Name, Total , N ,%, N ,%, N ,%
 ,,District Total," 371,382 "," 67,009 ",18.0%," 50,917 ",13.7%," 288,572 ",77.7%
Network 1,610212,Albany Park Multicultural Academy, 290 , 66 ,22.8%, 52 ,17.9%, 277 ,95.5%
Network 1,610209,Alessandro Volta Elementary School, 894 , 552 ,61.7%, 89 ,10.0%, 746 ,83.5%
Network 1,609836,Arthur E Canty Elementary School, 859 , 186 ,21.7%, 93 ,10.8%, 418 ,48.7%
Network 1,609729,Carl Schurz High School," 1,739 ", 322 ,18.5%, 361 ,20.8%," 1,603 ",92.2%
Network 1,610083,Daniel C Beard Elementary School, 185 , 77 ,41.6%, 118 ,63.8%, 86 ,46.5%
Network 1,610564,Disney II Magnet High School, 711 , 13 ,1.8%, 94 ,13.2%, 429 ,60.3%
Network 1,610515,Disney II Magnet School, 432 , 49 ,11.3%, 39 ,9.0%, 134 ,31.0%
Network 1,609901,Edgebrook Elementary School, 509 , 26 ,5.1%, 48 ,9.4%, 62 ,12.2%
Network 1,610523,Edison Park Elementary School, 541 , 36 ,6.7%, 84 ,15.5%, 102 ,18.9%
Network 1,610137,Ernst Prussing Elementary School, 738 , 236 ,32.0%, 82 ,11.1%, 450 ,61.0%
Network 1,609874,Everett McKinley Dirksen Elementary School, 926 , 524 ,56.6%, 99 ,10.7%, 616 ,66.5%
Network 1,610163,Frederick Stock Elementary School, 234 , 39 ,16.7%, 92 ,39.3%, 36 ,15.4%
Network 1,609737,Friedrich W von Steuben Metropolitan Science HS," 1,726 ", 41 ,2.4%, 101 ,5.9%," 1,289 ",74.7%
Network 1,609857,Grover Cleveland Elementary School, 560 , 224 ,40.0%, 152 ,27.1%, 444 ,79.3%
Network 1,610182,Hannah G Solomon Elementary School, 349 , 127 ,36.4%, 66 ,18.9%, 174 ,49.9%
Network 1,609972,Helge A Haugan Elementary School, 906 , 588 ,64.9%, 117 ,12.9%, 786 ,86.8%
Network 1,609798,Hiram H Belding Elementary School, 580 , 126 ,21.7%, 63 ,10.9%, 332 ,57.2%
Network 1,609766,Jacqueline B Vaughn Occupational High School, 230 , 80 ,34.8%, 230 ,100.0%, 183 ,79.6%
Network 1,609912,James B Farnsworth Elementary School, 604 , 217 ,35.9%, 147 ,24.3%, 353 ,58.4%
Network 1,609796,Jean Baptiste Beaubien Elementary School," 1,100 ", 206 ,18.7%, 107 ,9.7%, 526 ,47.8%
Network 1,610089,John B Murphy Elementary School, 521 , 172 ,33.0%, 79 ,15.2%, 370 ,71.0%
Network 1,610111,John Palmer Elementary School, 806 , 304 ,37.7%, 114 ,14.1%, 604 ,74.9%
Network 1,609937,John W Garvy Elementary School, 831 , 191 ,23.0%, 101 ,12.2%, 333 ,40.1%
Network 1,610159,Jonathan Y Scammon Elementary School, 745 , 304 ,40.8%, 90 ,12.1%, 668 ,89.7%
Network 1,610127,Mary Gage Peterson Elementary School, 890 , 297 ,33.4%, 101 ,11.4%, 583 ,65.5%
Network 1,609792,Newton Bateman Elementary School," 1,008 ", 340 ,33.7%, 124 ,12.3%, 769 ,76.3%
Network 1,609810,Norman A Bridge Elementary School," 1,116 ", 317 ,28.4%, 127 ,11.4%, 696 ,62.4%
Network 1,610354,North River Elementary School, 325 , 160 ,49.2%, 75 ,23.1%, 265 ,81.5%
Network 1,609749,Northside College Preparatory High School," 1,061 ", 7 ,0.7%, 61 ,5.8%, 469 ,44.2%
Network 1,609744,Northside Learning Center High School, 230 , 76 ,33.0%, 230 ,100.0%, 194 ,84.4%
Network 1,610099,Norwood Park Elementary School, 436 , 26 ,6.0%, 55 ,12.6%, 69 ,15.8%
Network 1,610105,Oriole Park Elementary School, 751 , 63 ,8.4%, 74 ,9.9%, 183 ,24.4%
Network 1,609988,Patrick Henry Elementary School, 526 , 288 ,54.8%, 71 ,13.5%, 430 ,81.8%
Network 1,610145,Peter A Reinberg Elementary School, 802 , 330 ,41.2%, 163 ,20.3%, 606 ,75.6%
Network 1,610135,Portage Park Elementary School, 951 , 179 ,18.8%, 135 ,14.2%, 690 ,72.6%
Network 1,609995,Rufus M Hitch Elementary School, 567 , 128 ,22.6%, 75 ,13.2%, 314 ,55.4%
Network 1,610155,Sauganash Elementary School, 604 , 109 ,18.1%, 65 ,10.8%, 178 ,29.5%
Network 1,609728,Theodore Roosevelt High School," 1,099 ", 318 ,28.9%, 210 ,19.1%," 1,021 ",92.9%
Network 1,609794,Thomas A Edison Regional Gifted Center ES, 271 , 2 ,0.7%, 13 ,4.8%, 26 ,9.6%
Network 1,610230,Wildwood IB World Magnet School, 494 , 33 ,6.7%, 54 ,10.9%, 67 ,13.6%
Network 1,609884,William E Dever Elementary School, 781 , 223 ,28.6%, 99 ,12.7%, 456 ,58.4%
Network 1,609994,William G Hibbard Elementary School, 988 , 554 ,56.1%, 123 ,12.5%, 813 ,82.3%
Network 1,609734,William Howard Taft High School," 3,372 ", 223 ,6.6%, 391 ,11.6%," 1,820 ",54.0%
Network 1,610104,William J Onahan Elementary School, 659 , 68 ,10.3%, 80 ,12.1%, 227 ,34.5%
Network 1,609949,William P Gray Elementary School," 1,160 ", 327 ,28.2%, 147 ,12.7%, 951 ,82.0%
Network 2,609804,Daniel Boone Elementary School, 832 , 442 ,53.1%, 107 ,12.9%, 697 ,83.8%
Network 2,609859,DeWitt Clinton Elementary School," 1,199 ", 648 ,54.1%, 76 ,6.3%, 959 ,80.0%
Network 2,609852,Eliza Chappell Elementary School, 576 , 133 ,23.1%, 94 ,16.3%, 355 ,61.6%
Network 2,609918,Eugene Field Elementary School, 158 , 64 ,40.5%, 28 ,17.7%, 150 ,94.9%
Network 2,609779,George Armstrong International Studies ES," 1,412 ", 543 ,38.5%, 138 ,9.8%," 1,180 ",83.6%
Network 2,610196,George B Swift Elementary Specialty School, 687 , 318 ,46.3%, 101 ,14.7%, 502 ,73.1%
Network 2,610122,Helen Peirce International Studies ES," 1,010 ", 169 ,16.7%, 98 ,9.7%, 551 ,54.6%
Network 2,610070,James B McPherson Elementary School, 692 , 197 ,28.5%, 166 ,24.0%, 554 ,80.1%
Network 2,609866,John C Coonley Elementary School," 1,004 ", 62 ,6.2%, 111 ,11.1%, 187 ,18.6%
Network 2,610269,John T McCutcheon Elementary School, 377 , 131 ,34.8%, 96 ,25.5%, 303 ,80.4%
Network 2,609865,Jordan Elementary Community School, 511 , 247 ,48.3%, 69 ,13.5%, 430 ,84.2%
Network 2,610022,Joyce Kilmer Elementary School, 761 , 434 ,57.0%, 157 ,20.6%, 662 ,87.0%
Network 2,609719,Lake View High School," 1,389 ", 113 ,8.1%, 230 ,16.6%," 1,119 ",80.6%
Network 2,609817,Lyman A Budlong Elementary School, 767 , 374 ,48.8%, 67 ,8.7%, 558 ,72.8%
Network 2,610355,Mary E Courtenay Elementary Language Arts Center, 400 , 102 ,25.5%, 123 ,30.8%, 317 ,79.3%
Network 2,610011,Minnie Mars Jamieson Elementary School, 918 , 281 ,30.6%, 131 ,14.3%, 624 ,68.0%
Network 2,610284,New Field Elementary School, 699 , 362 ,51.8%, 96 ,13.7%, 509 ,72.8%
Network 2,609730,Nicholas Senn High School," 1,443 ", 246 ,17.1%, 200 ,13.9%," 1,161 ",80.5%
Network 2,610147,Philip Rogers Elementary School, 782 , 286 ,36.6%, 100 ,12.8%, 530 ,67.8%
Network 2,610141,Ravenswood Elementary School, 552 , 64 ,11.6%, 60 ,10.9%, 226 ,40.9%
Network 2,609733,Roger C Sullivan High School, 723 , 292 ,40.4%, 161 ,22.3%, 645 ,89.2%
Network 2,609880,Stephen Decatur Classical Elementary School, 282 , 2 ,0.7%, 10 ,3.6%, 46 ,16.3%
Network 2,609933,Stephen F Gale Elementary Community Academy, 308 , 102 ,33.1%, 64 ,20.8%, 270 ,87.7%
Network 2,609976,Stephen K Hayt Elementary School," 1,002 ", 434 ,43.3%, 117 ,11.7%, 789 ,78.7%
Network 2,609724,Stephen T Mather High School," 1,442 ", 401 ,27.8%, 172 ,11.9%," 1,213 ",84.1%
Network 2,610191,Stone Elementary Scholastic Academy, 629 , 111 ,17.7%, 54 ,8.6%, 337 ,53.6%
Network 2,610220,Thomas J Waters Elementary School, 627 , 88 ,14.0%, 47 ,7.5%, 222 ,35.4%
Network 2,610394,Uplift Community High School, 240 , 24 ,10.0%, 87 ,36.3%, 225 ,93.8%
Network 2,610542,West Ridge Elementary School, 830 , 344 ,41.5%, 101 ,12.2%, 660 ,79.5%
Network 2,609945,William C. Goudy Technology Academy, 708 , 320 ,45.2%, 76 ,10.7%, 587 ,82.9%
Network 3,610518,Austin College and Career Academy High School, 219 , 3 ,1.4%, 65 ,29.7%, 212 ,96.8%
Network 3,609922,Belmont-Cragin Elementary School, 570 , 348 ,61.1%, 78 ,13.7%, 384 ,67.4%
Network 3,609679,Charles Allen Prosser Career Academy High School," 1,394 ", 82 ,5.9%, 181 ,13.0%," 1,312 ",94.1%
Network 3,609732,Charles P Steinmetz College Preparatory HS," 1,278 ", 235 ,18.4%, 226 ,17.7%," 1,123 ",87.9%
Network 3,609904,Edward K Ellington Elementary School, 522 , 4 ,0.8%, 91 ,17.4%, 446 ,85.4%
Network 3,609708,Edwin G. Foreman College and Career Academy, 792 , 203 ,25.6%, 169 ,21.3%, 739 ,93.3%
Network 3,610235,Ella Flagg Young Elementary School, 805 , 60 ,7.5%, 92 ,11.4%, 717 ,89.1%
Network 3,610165,Franz Peter Schubert Elementary School, 755 , 426 ,56.4%, 84 ,11.1%, 613 ,81.2%
Network 3,610245,Frederick A Douglass Academy High School, 101 , 2 ,2.0%, 29 ,28.7%, 98 ,97.0%
Network 3,610305,George Leland Elementary School, 415 ,,, 68 ,16.4%, 360 ,86.8%
Network 3,609795,George Rogers Clark Elementary School, 236 , 37 ,15.7%, 22 ,9.3%, 203 ,86.0%
Network 3,610068,Hanson Park Elementary School," 1,483 ", 668 ,45.0%, 232 ,15.6%," 1,305 ",88.0%
Network 3,610158,Harriet E Sayre Elementary Language Academy, 450 , 49 ,10.9%, 54 ,12.0%, 301 ,66.9%
Network 3,610092,Henry H Nash Elementary School, 275 , 2 ,0.7%, 32 ,11.6%, 257 ,93.5%
Network 3,609975,John Hay Elementary Community Academy, 383 , 11 ,2.9%, 39 ,10.2%, 333 ,87.0%
Network 3,610043,Joseph Lovett Elementary School, 376 , 24 ,6.4%, 37 ,9.8%, 315 ,83.8%
Network 3,610041,Josephine C Locke Elementary School," 1,337 ", 452 ,33.8%, 200 ,15.0%," 1,127 ",84.3%
Network 3,609910,Laughlin Falconer Elementary School," 1,186 ", 506 ,42.7%, 139 ,11.7%, 988 ,83.3%
Network 3,609818,Luther Burbank Elementary School, 904 , 421 ,46.6%, 125 ,13.8%, 792 ,87.6%
Network 3,610539,Marvin Camras Elementary School, 932 , 360 ,38.6%, 125 ,13.4%, 777 ,83.4%
Network 3,610046,Mary Lyon Elementary School," 1,410 ", 506 ,35.9%, 168 ,11.9%," 1,282 ",90.9%
Network 3,610244,Michele Clark Academic Prep Magnet High School, 547 , 6 ,1.1%, 67 ,12.3%, 511 ,93.4%
Network 3,609830,Milton Brunson Math & Science Specialty ES, 480 , 15 ,3.1%, 66 ,13.8%, 435 ,90.6%
Network 3,610051,Northwest Middle School, 486 , 130 ,26.8%, 77 ,15.8%, 463 ,95.3%
Network 3,610367,Oscar DePriest Elementary School, 544 , 9 ,1.7%, 106 ,19.5%, 488 ,89.7%
Network 3,610183,Spencer Technology Academy, 557 ,,, 73 ,13.1%, 497 ,89.2%
Network 4,610038,Abraham Lincoln Elementary School, 895 , 51 ,5.7%, 41 ,4.6%, 135 ,15.1%
Network 4,609720,Albert G Lane Technical High School," 4,438 ", 26 ,0.6%, 193 ,4.4%," 2,185 ",49.2%
Network 4,609799,Alexander Graham Bell Elementary School, 957 , 45 ,4.7%, 111 ,11.6%, 132 ,13.8%
Network 4,609963,Alexander Hamilton Elementary School, 480 , 21 ,4.4%, 44 ,9.2%, 78 ,16.3%
Network 4,610144,Frank W Reilly Elementary School, 923 , 416 ,45.1%, 131 ,14.2%, 799 ,86.6%
Network 4,609930,Frederick Funston Elementary School, 464 , 213 ,45.9%, 84 ,18.1%, 401 ,86.4%
Network 4,610010,Friedrich L. Jahn Elementary of the Fine Arts, 311 , 45 ,14.5%, 64 ,20.6%, 179 ,57.6%
Network 4,610048,George Manierre Elementary School, 344 ,,, 59 ,17.2%, 312 ,90.7%
Network 4,609974,Hawthorne Elementary Scholastic Academy, 567 , 12 ,2.1%, 48 ,8.5%, 116 ,20.5%
Network 4,609850,Horace Greeley Elementary School, 568 , 154 ,27.1%, 49 ,8.6%, 455 ,80.1%
Network 4,610078,Inter-American Elementary Magnet School, 710 , 223 ,31.4%, 60 ,8.5%, 372 ,52.4%
Network 4,609803,James G Blaine Elementary School, 888 , 65 ,7.3%, 104 ,11.7%, 145 ,16.3%
Network 4,610074,James Monroe Elementary School, 825 , 261 ,31.6%, 112 ,13.6%, 749 ,90.8%
Network 4,609942,Johann W von Goethe Elementary School, 765 , 163 ,21.3%, 97 ,12.7%, 519 ,67.8%
Network 4,609782,John J Audubon Elementary School, 574 , 33 ,5.8%, 49 ,8.5%, 120 ,20.9%
Network 4,609716,Kelvyn Park High School, 451 , 150 ,33.3%, 87 ,19.3%, 417 ,92.5%
Network 4,610033,LaSalle Elementary Language Academy, 561 , 13 ,2.3%, 68 ,12.1%, 180 ,32.1%
Network 4,610325,Logandale Middle School, 716 , 259 ,36.2%, 78 ,10.9%, 634 ,88.6%
Network 4,609809,Lorenz Brentano Math & Science Academy ES, 497 , 97 ,19.5%, 57 ,11.5%, 312 ,62.8%
Network 4,610094,Louis Nettelhorst Elementary School, 789 , 81 ,10.3%, 81 ,10.3%, 177 ,22.4%
Network 4,609774,Louisa May Alcott College Preparatory ES, 628 , 31 ,4.9%, 62 ,9.9%, 106 ,16.9%
Network 4,610524,Louisa May Alcott College Preparatory HS, 311 , 20 ,6.4%, 41 ,13.2%, 257 ,82.6%
Network 4,610059,Oscar F Mayer Elementary School, 760 , 17 ,2.2%, 75 ,9.9%, 101 ,13.3%
Network 4,609853,Salmon P Chase Elementary School, 416 , 156 ,37.5%, 108 ,26.0%, 354 ,85.1%
Network 4,609968,Sharon Christa McAuliffe Elementary School, 732 , 255 ,34.8%, 86 ,11.8%, 634 ,86.6%
Network 4,610534,Skinner North, 494 ,,, 28 ,5.7%, 53 ,10.7%
Network 4,610095,Walter L Newberry Math & Science Academy ES, 563 , 29 ,5.2%, 78 ,13.9%, 340 ,60.4%
Network 4,610136,William H Prescott Elementary School, 433 , 50 ,11.6%, 56 ,12.9%, 183 ,42.3%
Network 4,610097,William P Nixon Elementary School, 833 , 394 ,47.3%, 110 ,13.2%, 721 ,86.6%
Network 4,610088,Wolfgang A Mozart Elementary School, 640 , 262 ,40.9%, 77 ,12.0%, 586 ,91.6%
Network 5,610334,Al Raby High School, 378 , 10 ,2.7%, 101 ,26.7%, 373 ,98.7%
Network 5,610131,Ambrose Plamondon Elementary School, 138 , 30 ,21.7%, 16 ,11.6%, 128 ,92.8%
Network 5,610005,Charles Evans Hughes Elementary School, 255 ,,, 36 ,14.1%, 232 ,91.0%
Network 5,610194,Charles Sumner  Math & Science Community Acad ES, 276 , 2 ,0.7%, 25 ,9.1%, 223 ,80.8%
Network 5,609873,Crown Community Academy of Fine Arts Center ES, 255 , 5 ,2.0%, 38 ,14.9%, 216 ,84.7%
Network 5,609835,Daniel R Cameron Elementary School, 773 , 223 ,28.9%, 105 ,13.6%, 695 ,89.9%
Network 5,610221,Daniel Webster Elementary School, 298 ,,, 25 ,8.4%, 229 ,76.9%
Network 5,610503,Frazier Prospective IB Magnet ES, 205 ,,, 28 ,13.7%, 168 ,82.0%
Network 5,609854,Frederic Chopin Elementary School, 422 , 121 ,28.7%, 112 ,26.5%, 365 ,86.5%
Network 5,610293,Genevieve Melody Elementary School, 477 ,,, 59 ,12.4%, 427 ,89.5%
Network 5,610202,George W Tilton Elementary School, 302 , 2 ,0.7%, 41 ,13.6%, 261 ,86.4%
Network 5,609693,George Westinghouse College Prep," 1,189 ", 15 ,1.3%, 78 ,6.6%, 970 ,81.6%
Network 5,610192,Harriet Beecher Stowe Elementary School, 674 , 262 ,38.9%, 115 ,17.1%, 612 ,90.8%
Network 5,609985,Helen M Hefferan Elementary School, 349 ,,, 39 ,11.2%, 304 ,87.1%
Network 5,609797,Jacob Beidler Elementary School, 444 , 1 ,0.2%, 60 ,13.5%, 371 ,83.6%
Network 5,610044,James Russell Lowell Elementary School, 445 , 133 ,29.9%, 123 ,27.6%, 392 ,88.1%
Network 5,610271,Jensen Elementary Scholastic Academy, 417 , 5 ,1.2%, 70 ,16.8%, 384 ,92.1%
Network 5,609723,John Marshall Metropolitan High School, 341 ,,, 94 ,27.6%, 333 ,97.7%
Network 5,609954,John Milton Gregory Elementary School, 354 ,,, 56 ,15.8%, 310 ,87.6%
Network 5,610313,Jose De Diego Elementary Community Academy, 561 , 46 ,8.2%, 71 ,12.7%, 464 ,82.7%
Network 5,609925,Joseph Kellman Corporate Community ES, 337 , 1 ,0.3%, 13 ,3.9%, 300 ,89.0%
Network 5,610133,Laura S Ward Elementary School, 465 , 14 ,3.0%, 53 ,11.4%, 412 ,88.6%
Network 5,610034,Lawndale Elementary Community Academy, 263 ,,, 33 ,12.6%, 230 ,87.5%
Network 5,609907,Leif Ericson Elementary Scholastic Academy, 475 , 2 ,0.4%, 32 ,6.7%, 409 ,86.1%
Network 5,609722,Manley Career Academy High School, 114 , 1 ,0.9%, 37 ,32.5%, 105 ,92.1%
Network 5,610055,Michael Faraday Elementary School, 287 ,,, 37 ,12.9%, 243 ,84.7%
Network 5,609691,North-Grand High School, 958 , 182 ,19.0%, 158 ,16.5%, 905 ,94.5%
Network 5,610234,Richard Yates Elementary School, 442 , 129 ,29.2%, 134 ,30.3%, 360 ,81.5%
Network 5,609759,Roberto Clemente Community Academy High School, 754 , 70 ,9.3%, 184 ,24.4%, 713 ,94.6%
Network 5,610056,Roswell B Mason Elementary School, 384 , 5 ,1.3%, 61 ,15.9%, 333 ,86.7%
Network 5,610100,West Park Elementary Academy, 591 , 205 ,34.7%, 72 ,12.2%, 519 ,87.8%
Network 5,610251,Willa Cather Elementary School, 380 , 4 ,1.1%, 66 ,17.4%, 323 ,85.0%
Network 5,610123,William Penn Elementary School, 316 , 12 ,3.8%, 78 ,24.7%, 280 ,88.6%
Network 6,610229,A.N. Pritzker School, 743 , 57 ,7.7%, 67 ,9.0%, 325 ,43.7%
Network 6,610513,Air Force Academy High School, 262 , 7 ,2.7%, 34 ,13.0%, 239 ,91.2%
Network 6,609947,Alexander Graham Elementary School, 415 , 80 ,19.3%, 49 ,11.8%, 363 ,87.5%
Network 6,610060,Andrew Jackson Elementary Language Academy, 550 , 59 ,10.7%, 34 ,6.2%, 230 ,41.8%
Network 6,609996,Charles N Holden Elementary School, 504 , 110 ,21.8%, 62 ,12.3%, 412 ,81.8%
Network 6,609754,Chicago Military Academy High School, 310 , 16 ,5.2%, 33 ,10.7%, 293 ,94.5%
Network 6,610012,Edward Jenner Elementary Academy of the Arts, 250 ,,, 35 ,14.0%, 221 ,88.4%
Network 6,610009,Galileo Math & Science Scholastic Academy ES, 573 , 91 ,15.9%, 64 ,11.2%, 334 ,58.3%
Network 6,609760,George Washington Carver Military Academy HS, 479 , 18 ,3.8%, 26 ,5.4%, 442 ,92.3%
Network 6,610107,James Otis Elementary School, 453 , 161 ,35.5%, 117 ,25.8%, 392 ,86.5%
Network 6,609959,John Charles Haines Elementary School, 686 , 238 ,34.7%, 19 ,2.8%, 569 ,82.9%
Network 6,610180,John M Smyth Elementary School, 463 , 12 ,2.6%, 69 ,14.9%, 388 ,83.8%
Network 6,609828,Jonathan Burr Elementary School, 434 , 52 ,12.0%, 58 ,13.4%, 160 ,36.9%
Network 6,610081,Mark Sheridan Math & Science Academy, 560 , 49 ,8.8%, 36 ,6.4%, 270 ,48.2%
Network 6,610529,Ogden International High School, 884 , 39 ,4.4%, 92 ,10.4%, 481 ,54.4%
Network 6,609777,Phillip D Armour Elementary School, 279 , 94 ,33.7%, 34 ,12.2%, 223 ,79.9%
Network 6,610304,Phoenix Military Academy High School, 531 , 25 ,4.7%, 34 ,6.4%, 501 ,94.4%
Network 6,610138,Pulaski International School of Chicago, 928 , 158 ,17.0%, 77 ,8.3%, 620 ,66.8%
Network 6,609769,Ray Graham Training Center High School, 117 , 35 ,29.9%, 117 ,100.0%, 110 ,94.0%
Network 6,610561,Richard T Crane Medical Preparatory HS, 487 , 8 ,1.6%, 29 ,6.0%, 432 ,88.7%
Network 6,609979,Robert Healy Elementary School," 1,413 ", 371 ,26.3%, 64 ,4.5%," 1,158 ",82.0%
Network 6,610252,Robert Nathaniel Dett Elementary School, 312 , 6 ,1.9%, 106 ,34.0%, 276 ,88.5%
Network 6,610029,Rodolfo Lozano Bilingual & International Ctr ES, 203 , 105 ,51.7%, 60 ,29.6%, 179 ,88.2%
Network 6,610250,Rueben Salazar Elementary Bilingual Center, 345 , 112 ,32.5%, 65 ,18.8%, 275 ,79.7%
Network 6,610548,STEM Magnet Academy, 434 , 44 ,10.1%, 27 ,6.2%, 169 ,38.9%
Network 6,609750,Simpson Academy HS for Young Women, 41 , 3 ,7.3%, 6 ,14.6%, 40 ,97.6%
Network 6,610405,Suder Montessori Magnet ES, 413 , 16 ,3.9%, 48 ,11.6%, 210 ,50.9%
Network 6,609896,Thomas Drummond Elementary School, 349 , 16 ,4.6%, 21 ,6.0%, 94 ,26.9%
Network 6,610121,Washington Irving Elementary School, 443 , 20 ,4.5%, 74 ,16.7%, 378 ,85.3%
Network 6,609740,Wells Community Academy High School, 381 , 42 ,11.0%, 100 ,26.3%, 345 ,90.6%
Network 6,610101,William B Ogden Elementary School, 806 , 127 ,15.8%, 56 ,7.0%, 191 ,23.7%
Network 6,609812,William H Brown Elementary School, 252 , 10 ,4.0%, 75 ,29.8%, 223 ,88.5%
Network 6,610308,Wilma Rudolph Elementary Learning Center, 92 , 40 ,43.5%, 81 ,88.0%, 71 ,77.2%
Network 7,609966,Charles G Hammond Elementary School, 438 , 187 ,42.7%, 79 ,18.0%, 389 ,88.8%
Network 7,610063,Cyrus H McCormick Elementary School, 712 , 337 ,47.3%, 62 ,8.7%, 619 ,86.9%
Network 7,609870,Daniel J Corkery Elementary School, 525 , 218 ,41.5%, 79 ,15.1%, 441 ,84.0%
Network 7,609704,David G Farragut Career Academy High School, 728 , 204 ,28.0%, 169 ,23.2%, 697 ,95.7%
Network 7,610227,Eli Whitney Elementary School, 986 , 527 ,53.5%, 90 ,9.1%, 884 ,89.7%
Network 7,610215,Francisco I Madero Middle School, 334 , 67 ,20.1%, 55 ,16.5%, 326 ,97.6%
Network 7,609920,Gerald Delgado Kanoon Elementary Magnet School, 628 , 299 ,47.6%, 67 ,10.7%, 569 ,90.6%
Network 7,610383,Greater Lawndale High School For Social Justice, 286 , 76 ,26.6%, 55 ,19.2%, 274 ,95.8%
Network 7,610384,Infinity Math Science and Technology High School, 418 , 49 ,11.7%, 51 ,12.2%, 401 ,95.9%
Network 7,610125,Irma C Ruiz Elementary School, 694 , 212 ,30.6%, 83 ,12.0%, 618 ,89.1%
Network 7,610216,John A Walsh Elementary School, 349 , 108 ,31.0%, 66 ,18.9%, 271 ,77.7%
Network 7,610228,John Greenleaf Whittier Elementary School, 231 , 149 ,64.5%, 33 ,14.3%, 211 ,91.3%
Network 7,610184,John Spry Elementary Community School, 538 , 259 ,48.1%, 67 ,12.5%, 487 ,90.5%
Network 7,609950,Josefa Ortiz De Dominguez Elementary School, 535 , 309 ,57.8%, 59 ,11.0%, 422 ,78.9%
Network 7,609938,Joseph E Gary Elementary School," 1,114 ", 517 ,46.4%, 152 ,13.6%," 1,045 ",93.8%
Network 7,610015,Joseph Jungman Elementary School, 286 , 132 ,46.2%, 94 ,32.9%, 247 ,86.4%
Network 7,610129,Josiah Pickard Elementary School, 444 , 183 ,41.2%, 68 ,15.3%, 399 ,89.9%
Network 7,609872,Manuel Perez Elementary School, 297 , 91 ,30.6%, 40 ,13.5%, 271 ,91.3%
Network 7,610017,Maria Saucedo Elementary Scholastic Academy," 1,007 ", 365 ,36.3%, 116 ,11.5%, 910 ,90.4%
Network 7,610385,Multicultural Academy of Scholarship, 230 , 70 ,30.4%, 67 ,29.1%, 219 ,95.2%
Network 7,610329,Orozco Fine Arts & Sciences Elementary School, 540 , 187 ,34.6%, 64 ,11.9%, 482 ,89.3%
Network 7,609867,Peter Cooper Elementary Dual Language Academy, 459 , 276 ,60.1%, 72 ,15.7%, 404 ,88.0%
Network 7,610013,Pilsen Elementary Community Academy, 331 , 119 ,36.0%, 78 ,23.6%, 246 ,74.3%
Network 7,610357,Spry Community Links High School, 129 , 43 ,33.3%, 34 ,26.4%, 124 ,96.1%
Network 7,609921,Telpochcalli Elementary School, 282 , 188 ,66.7%, 57 ,20.2%, 244 ,86.5%
Network 7,609967,William F Finkl Elementary School, 359 , 146 ,40.7%, 77 ,21.5%, 317 ,88.3%
Network 7,610392,World Language Academy High School, 352 , 89 ,25.3%, 54 ,15.3%, 337 ,95.7%
Network 8,609993,Agustin Lara Elementary Academy, 441 , 195 ,44.2%, 54 ,12.2%, 396 ,89.8%
Network 8,610317,Brighton Park Elementary School, 453 , 189 ,41.7%, 36 ,8.0%, 400 ,88.3%
Network 8,610353,Calmeca Academy of Fine Arts and Dual Language, 807 , 467 ,57.9%, 92 ,11.4%, 689 ,85.4%
Network 8,610170,Columbia Explorers Elementary Academy," 1,064 ", 412 ,38.7%, 93 ,8.7%, 939 ,88.3%
Network 8,609909,Edward Everett Elementary School, 200 , 74 ,37.0%, 33 ,16.5%, 152 ,76.0%
Network 8,609735,Edward Tilden Career Community Academy HS, 250 , 18 ,7.2%, 90 ,36.0%, 234 ,93.6%
Network 8,609682,Ellen H Richards Career Academy High School, 217 , 64 ,29.5%, 58 ,26.7%, 196 ,90.3%
Network 8,610319,Evergreen Academy Middle School, 315 , 62 ,19.7%, 43 ,13.7%, 296 ,94.0%
Network 8,610096,Florence Nightingale Elementary School," 1,254 ", 530 ,42.3%, 173 ,13.8%," 1,095 ",87.3%
Network 8,609709,Gage Park High School, 328 , 76 ,23.2%, 67 ,20.4%, 313 ,95.4%
Network 8,610532,Irene C. Hernandez Middle School for the Advancement of Science, 997 , 210 ,21.1%, 119 ,11.9%, 967 ,97.0%
Network 8,609983,James Hedges Elementary School, 665 , 415 ,62.4%, 105 ,15.8%, 588 ,88.4%
Network 8,610174,James Shields Elementary School, 838 , 355 ,42.4%, 74 ,8.8%, 716 ,85.4%
Network 8,610559,James Shields Middle School, 604 , 106 ,17.6%, 105 ,17.4%, 586 ,97.0%
Network 8,609964,John H Hamline Elementary School, 537 , 250 ,46.6%, 78 ,14.5%, 476 ,88.6%
Network 8,609694,John Hancock College Preparatory High School, 971 , 20 ,2.1%, 32 ,3.3%, 856 ,88.2%
Network 8,609756,Marie Sklodowska Curie Metropolitan High School," 2,916 ", 322 ,11.0%, 307 ,10.5%," 2,705 ",92.8%
Network 8,609876,Nathan S Davis Elementary School, 740 , 381 ,51.5%, 109 ,14.7%, 651 ,88.0%
Network 8,609952,Nathanael Greene Elementary School, 498 , 208 ,41.8%, 56 ,11.2%, 434 ,87.2%
Network 8,610239,Richard J Daley Elementary Academy, 595 , 288 ,48.4%, 59 ,9.9%, 549 ,92.3%
Network 8,610157,Sidney Sawyer Elementary School," 1,545 ", 554 ,35.9%, 121 ,7.8%," 1,394 ",90.2%
Network 8,610226,Socorro Sandoval Elementary School, 969 , 534 ,55.1%, 84 ,8.7%, 839 ,86.6%
Network 8,609715,Thomas Kelly High School," 1,891 ", 496 ,26.2%, 345 ,18.2%," 1,780 ",94.1%
Network 8,609855,Walter S Christopher Elementary School, 380 , 192 ,50.5%, 198 ,52.1%, 340 ,89.5%
Network 8,610167,William H Seward Communication Arts Academy ES, 685 , 300 ,43.8%, 70 ,10.2%, 629 ,91.8%
Network 9,610175,Beulah Shoesmith Elementary School, 363 , 23 ,6.3%, 31 ,8.5%, 264 ,72.7%
Network 9,609969,Bret Harte Elementary School, 319 , 20 ,6.3%, 41 ,12.9%, 232 ,72.7%
Network 9,610381,Bronzeville Scholastic Academy High School, 322 , 6 ,1.9%, 57 ,17.7%, 311 ,96.6%
Network 9,610345,Carter G Woodson South Elementary School, 330 , 3 ,0.9%, 69 ,20.9%, 292 ,88.5%
Network 9,610030,Charles Kozminski Elementary Community Academy, 257 , 5 ,2.0%, 35 ,13.6%, 218 ,84.8%
Network 9,610380,Daniel Hale Williams Prep School of Medicine, 231 , 1 ,0.4%, 33 ,14.3%, 223 ,96.5%
Network 9,609751,Dr  Martin Luther King  Jr  College Prep HS, 599 , 15 ,2.5%, 56 ,9.4%, 493 ,82.3%
Network 9,609819,Edmond Burke Elementary School, 432 , 4 ,0.9%, 55 ,12.7%, 356 ,82.4%
Network 9,610246,Edward Beasley Elementary Magnet Academic Center," 1,246 ", 1 ,0.1%, 76 ,6.1%," 1,001 ",80.3%
Network 9,610065,Emmett Louis Till Math and Science Academy, 346 ,,, 45 ,13.0%, 301 ,87.0%
Network 9,609713,Hyde Park Academy High School, 856 , 5 ,0.6%, 167 ,19.5%, 806 ,94.2%
Network 9,610110,Ida B Wells Preparatory Elementary Academy, 390 , 1 ,0.3%, 29 ,7.4%, 332 ,85.1%
Network 9,610276,Irvin C Mollison Elementary School, 343 , 4 ,1.2%, 32 ,9.3%, 301 ,87.8%
Network 9,610256,Jackie Robinson Elementary School, 121 ,,, 10 ,8.3%, 90 ,74.4%
Network 9,609891,James R Doolittle Jr Elementary School, 277 , 4 ,1.4%, 27 ,9.8%, 244 ,88.1%
Network 9,610213,James Wadsworth Elementary School, 551 , 3 ,0.5%, 72 ,13.1%, 479 ,86.9%
Network 9,609894,John B Drake Elementary School, 341 , 3 ,0.9%, 58 ,17.0%, 299 ,87.7%
Network 9,609919,John Fiske Elementary School, 461 , 2 ,0.4%, 40 ,8.7%, 388 ,84.2%
Network 9,610126,John J Pershing Elementary Humanities Magnet, 590 , 20 ,3.4%, 68 ,11.5%, 451 ,76.4%
Network 9,609746,Kenwood Academy High School," 1,756 ", 16 ,0.9%, 107 ,6.1%," 1,053 ",60.0%
Network 9,610237,Ludwig Van Beethoven Elementary School, 388 , 4 ,1.0%, 47 ,12.1%, 337 ,86.9%
Network 9,609676,Paul Laurence Dunbar Career Academy High School, 457 , 9 ,2.0%, 128 ,28.0%, 441 ,96.5%
Network 9,610090,Phillip Murray Elementary Language Academy, 519 , 17 ,3.3%, 51 ,9.8%, 302 ,58.2%
Network 9,609987,Thomas A Hendricks Elementary Community Academy, 244 , 2 ,0.8%, 72 ,29.5%, 205 ,84.0%
Network 9,610143,William C Reavis Math & Science Specialty ES, 253 , 5 ,2.0%, 42 ,16.6%, 213 ,84.2%
Network 9,610142,William H Ray Elementary School, 725 , 80 ,11.0%, 77 ,10.6%, 348 ,48.0%
Network 9,609977,Woodlawn Community Elementary School, 216 ,,, 8 ,3.7%, 171 ,79.2%
Network 10,610185,Adlai E Stevenson Elementary School," 1,257 ", 501 ,39.9%, 185 ,14.7%," 1,027 ",81.7%
Network 10,609788,Alice L Barnard Computer Math & Science Ctr ES, 324 ,,, 47 ,14.5%, 245 ,75.6%
Network 10,610084,Annie Keller Elementary Gifted Magnet School, 243 , 7 ,2.9%, 5 ,2.1%, 58 ,23.9%
Network 10,610287,Ashburn Community Elementary School, 517 , 22 ,4.3%, 89 ,17.2%, 401 ,77.6%
Network 10,609871,Barbara Vick Early Childhood & Family Center, 316 , 42 ,13.3%, 147 ,46.5%, 87 ,27.5%
Network 10,610087,Blair Early Childhood Center, 190 , 84 ,44.2%, 142 ,74.7%, 88 ,46.3%
Network 10,609839,Carroll-Rosenwald Specialty Elementary School, 422 , 4 ,1.0%, 61 ,14.5%, 344 ,81.5%
Network 10,609879,Charles Gates Dawes Elementary School, 992 , 251 ,25.3%, 150 ,15.1%, 898 ,90.5%
Network 10,610347,Claremont Academy Elementary School, 434 , 26 ,6.0%, 97 ,22.4%, 399 ,91.9%
Network 10,610077,Donald Morrill Math & Science Elementary School, 648 , 239 ,36.9%, 71 ,11.0%, 578 ,89.2%
Network 10,610352,Durkin Park Elementary School, 696 , 198 ,28.5%, 75 ,10.8%, 548 ,78.7%
Network 10,610006,Edward N Hurley Elementary School, 830 , 298 ,35.9%, 75 ,9.0%, 701 ,84.5%
Network 10,610195,Elizabeth H Sutherland Elementary School, 557 , 3 ,0.5%, 61 ,11.0%, 239 ,42.9%
Network 10,609908,Esmond Elementary School, 280 , 2 ,0.7%, 50 ,17.9%, 254 ,90.7%
Network 10,610057,Fairfield Elementary Academy, 576 , 231 ,40.1%, 69 ,12.0%, 513 ,89.1%
Network 10,610067,Francis M McKay Elementary School, 802 , 102 ,12.7%, 125 ,15.6%, 691 ,86.2%
Network 10,609849,George F Cassell Elementary School, 411 , 9 ,2.2%, 78 ,19.0%, 102 ,24.8%
Network 10,609741,Gurdon S Hubbard High School," 1,777 ", 256 ,14.4%, 263 ,14.8%," 1,677 ",94.4%
Network 10,609861,Henry R Clissold Elementary School, 509 , 6 ,1.2%, 95 ,18.7%, 226 ,44.4%
Network 10,609893,John C Dore Elementary School, 715 , 85 ,11.9%, 119 ,16.6%, 374 ,52.3%
Network 10,609898,John F Eberhart Elementary School," 1,377 ", 483 ,35.1%, 143 ,10.4%," 1,258 ",91.4%
Network 10,609718,John F Kennedy High School," 1,690 ", 111 ,6.6%, 296 ,17.5%," 1,244 ",73.6%
Network 10,610207,John H Vanderpoel Elementary Magnet School, 280 ,,, 28 ,10.0%, 180 ,64.3%
Network 10,610016,Kate S Kellogg Elementary School, 257 , 1 ,0.4%, 46 ,17.9%, 110 ,42.8%
Network 10,609807,Lionel Hampton Fine & Performing Arts ES, 539 , 110 ,20.4%, 98 ,18.2%, 466 ,86.5%
Network 10,610206,Mark Twain Elementary School," 1,131 ", 186 ,16.5%, 113 ,10.0%, 893 ,79.0%
Network 10,609832,Michael M Byrne Elementary School, 673 , 65 ,9.7%, 108 ,16.1%, 361 ,53.6%
Network 10,609725,Morgan Park High School," 1,268 ", 2 ,0.2%, 138 ,10.9%," 1,109 ",87.5%
Network 10,609960,Nathan Hale Elementary School, 932 , 123 ,13.2%, 121 ,13.0%, 621 ,66.6%
Network 10,609981,Phoebe Apperson Hearst Elementary School, 359 , 98 ,27.3%, 92 ,25.6%, 312 ,86.9%
Network 10,610588,Robert J. Richardson Middle School," 1,211 ", 242 ,20.0%, 144 ,11.9%," 1,136 ",93.8%
Network 10,609956,Robert L Grimes Elementary School, 455 , 150 ,33.0%, 54 ,11.9%, 341 ,75.0%
Network 10,610558,Sarah E. Goode STEM Academy, 900 , 57 ,6.3%, 153 ,17.0%, 788 ,87.6%
Network 10,610109,William Bishop Owen Scholastic Academy ES, 268 , 8 ,3.0%, 32 ,11.9%, 156 ,58.2%
Network 10,609698,William J Bogan High School, 781 , 77 ,9.9%, 197 ,25.2%, 710 ,90.9%
Network 11,609869,Anna R. Langford Community Academy, 267 , 2 ,0.8%, 28 ,10.5%, 242 ,90.6%
Network 11,610037,Arthur A Libby Elementary School, 354 , 66 ,18.6%, 72 ,20.3%, 317 ,89.6%
Network 11,609941,Asa Philip Randolph Elementary School, 509 , 15 ,3.0%, 64 ,12.6%, 447 ,87.8%
Network 11,610290,Benjamin E Mays Elementary Academy, 371 , 3 ,0.8%, 60 ,16.2%, 332 ,89.5%
Network 11,610238,Carrie Jacobs Bond Elementary School, 291 , 3 ,1.0%, 62 ,21.3%, 265 ,91.1%
Network 11,609986,Charles R Henderson Elementary School, 275 , 13 ,4.7%, 34 ,12.4%, 236 ,85.8%
Network 11,609897,Charles W Earle Elementary School, 416 , 11 ,2.6%, 57 ,13.7%, 346 ,83.2%
Network 11,609790,Clara Barton Elementary School, 389 ,,, 79 ,20.3%, 335 ,86.1%
Network 11,609748,Consuella B York Alternative HS, 210 , 1 ,0.5%, 63 ,30.0%, 185 ,88.1%
Network 11,610223,Daniel S Wentworth Elementary School, 449 , 8 ,1.8%, 83 ,18.5%, 402 ,89.5%
Network 11,610299,Dr. Martin L. King Jr Academy of Social Justice, 244 ,,, 39 ,16.0%, 209 ,85.7%
Network 11,609924,Fort Dearborn Elementary School, 367 ,,, 51 ,13.9%, 314 ,85.6%
Network 11,609927,Foster Park Elementary School, 360 , 1 ,0.3%, 80 ,22.2%, 296 ,82.2%
Network 11,610112,Francis W Parker Elementary Community Academy, 491 , 3 ,0.6%, 30 ,6.1%, 431 ,87.8%
Network 11,609768,Hope College Preparatory High School, 95 , 11 ,11.6%, 49 ,51.6%, 94 ,99.0%
Network 11,610173,Jesse Sherwood Elementary School, 335 , 1 ,0.3%, 68 ,20.3%, 288 ,86.0%
Network 11,609864,John W Cook Elementary School, 383 ,,, 59 ,15.4%, 335 ,87.5%
Network 11,610019,Joshua D Kershaw Elementary School, 265 ,,, 38 ,14.3%, 220 ,83.0%
Network 11,609793,Lillian R. Nicholson STEM Academy, 472 , 4 ,0.9%, 59 ,12.5%, 421 ,89.2%
Network 11,610108,Luke O'Toole Elementary School, 357 , 18 ,5.0%, 46 ,12.9%, 322 ,90.2%
Network 11,610369,Mahalia Jackson Elementary School, 354 ,,, 54 ,15.3%, 309 ,87.3%
Network 11,610362,Medgar Evers Elementary School, 279 , 3 ,1.1%, 36 ,12.9%, 225 ,80.7%
Network 11,609783,Nancy B Jefferson Alternative HS, 213 , 5 ,2.4%, 66 ,31.0%, 182 ,85.5%
Network 11,610300,Oliver S Westcott Elementary School, 399 , 4 ,1.0%, 74 ,18.6%, 334 ,83.7%
Network 11,609997,Oliver Wendell Holmes Elementary School, 163 , 3 ,1.8%, 28 ,17.2%, 138 ,84.7%
Network 11,610003,Paul Cuffe Math-Science Technology Academy ES, 319 ,,, 55 ,17.2%, 279 ,87.5%
Network 11,609707,Paul Robeson High School, 128 ,,, 42 ,32.8%, 123 ,96.1%
Network 11,609791,Perkins Bass Elementary School, 447 , 1 ,0.2%, 50 ,11.2%, 395 ,88.4%
Network 11,610102,Richard J Oglesby Elementary School, 489 ,,, 68 ,13.9%, 433 ,88.6%
Network 11,609929,Robert Fulton Elementary School, 335 , 121 ,36.1%, 43 ,12.8%, 301 ,89.9%
Network 11,610391,Robert Lindblom Math & Science Academy HS," 1,325 ", 19 ,1.4%, 71 ,5.4%, 877 ,66.2%
Network 11,610027,Rudyard Kipling Elementary School, 295 ,,, 45 ,15.3%, 241 ,81.7%
Network 11,609805,Scott Joplin Elementary School, 411 , 1 ,0.2%, 57 ,13.9%, 353 ,85.9%
Network 11,610521,Sir Miles Davis Magnet Elementary Academy, 250 , 8 ,3.2%, 39 ,15.6%, 231 ,92.4%
Network 11,610506,TEAM Englewood Community Academy High School, 92 ,,, 19 ,20.7%, 85 ,92.4%
Network 11,609895,Turner-Drew Elementary Language Academy, 248 ,,, 37 ,14.9%, 181 ,73.0%
Network 11,610032,Wendell E Green Elementary School, 368 , 1 ,0.3%, 57 ,15.5%, 307 ,83.4%
Network 11,610153,William H Ryder Math & Science Specialty ES, 401 , 2 ,0.5%, 115 ,28.7%, 351 ,87.5%
Network 11,609711,William Rainey Harper High School, 134 , 4 ,3.0%, 38 ,28.4%, 132 ,98.5%
Network 12,610281,Adam Clayton Powell Paideia Community Academy ES, 598 , 32 ,5.4%, 78 ,13.0%, 519 ,86.8%
Network 12,610316,Amelia Earhart Options for Knowledge ES, 239 , 7 ,2.9%, 23 ,9.6%, 160 ,67.0%
Network 12,610171,Arnold Mireles Elementary Academy, 535 , 140 ,26.2%, 63 ,11.8%, 474 ,88.6%
Network 12,609887,Arthur Dixon Elementary School, 567 , 8 ,1.4%, 52 ,9.2%, 433 ,76.4%
Network 12,610268,Arthur R Ashe Elementary School, 322 , 3 ,0.9%, 43 ,13.4%, 259 ,80.4%
Network 12,609786,Avalon Park Elementary School, 296 , 1 ,0.3%, 34 ,11.5%, 255 ,86.2%
Network 12,610323,Bowen High School, 297 , 22 ,7.4%, 92 ,31.0%, 273 ,91.9%
Network 12,609827,Burnside Elementary Scholastic Academy, 464 , 1 ,0.2%, 59 ,12.7%, 362 ,78.0%
Network 12,609833,Charles P Caldwell Academy of Math & Science ES, 268 , 3 ,1.1%, 34 ,12.7%, 220 ,82.1%
Network 12,609813,Charles S Brownell Elementary School, 216 , 2 ,0.9%, 24 ,11.1%, 190 ,88.0%
Network 12,609674,Chicago Vocational Career Academy High School, 880 , 11 ,1.3%, 250 ,28.4%, 833 ,94.7%
Network 12,609815,Edward A Bouchet Math & Science Academy ES, 612 , 8 ,1.3%, 96 ,15.7%, 544 ,88.9%
Network 12,609862,Edward Coles Elementary Language Academy, 434 , 5 ,1.2%, 60 ,13.8%, 378 ,87.1%
Network 12,609712,Emil G Hirsch Metropolitan High School, 137 , 1 ,0.7%, 52 ,38.0%, 122 ,89.1%
Network 12,610124,Harold Washington Elementary School, 315 , 3 ,1.0%, 37 ,11.8%, 277 ,87.9%
Network 12,610279,Henry O Tanner Elementary School, 345 , 7 ,2.0%, 67 ,19.4%, 297 ,86.1%
Network 12,610052,Horace Mann Elementary School, 350 , 1 ,0.3%, 35 ,10.0%, 301 ,86.0%
Network 12,610066,James E McDade Elementary Classical School, 195 , 1 ,0.5%, 9 ,4.6%, 65 ,33.3%
Network 12,610047,James Madison Elementary School, 244 , 3 ,1.2%, 29 ,11.9%, 219 ,89.8%
Network 12,610200,James N Thorp Elementary School, 325 , 48 ,14.8%, 104 ,32.0%, 296 ,91.1%
Network 12,610093,Jane A Neil Elementary School, 264 , 2 ,0.8%, 113 ,42.8%, 227 ,86.0%
Network 12,609710,John M Harlan Community Academy High School, 386 ,,, 103 ,26.7%, 363 ,94.0%
Network 12,610130,John T Pirie Fine Arts & Academic Center ES, 261 , 3 ,1.2%, 35 ,13.4%, 208 ,79.7%
Network 12,610218,Joseph Warren Elementary School, 236 , 5 ,2.1%, 33 ,14.0%, 195 ,82.6%
Network 12,610152,Martha Ruggles Elementary School, 415 , 1 ,0.2%, 48 ,11.6%, 367 ,88.4%
Network 12,609961,Ninos Heroes Elementary Academic Center, 372 , 52 ,14.0%, 35 ,9.4%, 309 ,83.1%
Network 12,610115,Park Manor Elementary School, 294 , 2 ,0.7%, 23 ,7.8%, 266 ,90.5%
Network 12,610116,Parkside Elementary Community Academy, 240 ,,, 27 ,11.3%, 212 ,88.3%
Network 12,610146,Paul Revere Elementary School, 241 ,,, 29 ,12.0%, 219 ,90.9%
Network 12,610350,Robert A Black Magnet Elementary School, 439 , 7 ,1.6%, 24 ,5.5%, 343 ,78.1%
Network 12,610530,South Shore Fine Arts Academy, 396 ,,, 71 ,17.9%, 327 ,82.6%
Network 12,610547,South Shore Intl College Prep High School, 649 , 4 ,0.6%, 58 ,8.9%, 566 ,87.2%
Network 12,610178,Theophilus Schmid Elementary School, 191 ,,, 33 ,17.3%, 153 ,80.1%
Network 12,610002,Thomas Hoyne Elementary School, 253 ,,, 29 ,11.5%, 195 ,77.1%
Network 12,610193,William K New Sullivan Elementary School, 512 , 61 ,11.9%, 108 ,21.1%, 452 ,88.3%
Network 13,609808,Alex Haley Elementary Academy, 541 , 3 ,0.6%, 69 ,12.8%, 463 ,85.6%
Network 13,609705,Christian Fenger Academy High School, 251 , 2 ,0.8%, 41 ,16.3%, 230 ,91.6%
Network 13,610004,Countee Cullen Elementary School, 186 , 3 ,1.6%, 19 ,10.2%, 160 ,86.0%
Network 13,610198,Douglas Taylor Elementary School, 444 , 162 ,36.5%, 75 ,16.9%, 398 ,89.6%
Network 13,610188,Dunne Technology Academy, 258 ,,, 29 ,11.2%, 198 ,76.7%
Network 13,610132,Edgar Allan Poe Elementary Classical School, 208 , 1 ,0.5%, 5 ,2.4%, 90 ,43.3%
Network 13,610315,Edward White Elementary Career Academy, 162 ,,, 23 ,14.2%, 132 ,81.5%
Network 13,609917,Fernwood Elementary School, 301 ,,, 41 ,13.6%, 262 ,87.0%
Network 13,609800,Frank I Bennett Elementary School, 308 ,,, 28 ,9.1%, 255 ,82.8%
Network 13,609761,George H Corliss High School, 310 ,,, 86 ,27.7%, 287 ,92.6%
Network 13,610139,George M Pullman Elementary School, 390 , 12 ,3.1%, 43 ,11.0%, 327 ,83.9%
Network 13,609845,George Washington Carver Primary School, 493 ,,, 45 ,9.1%, 432 ,87.6%
Network 13,610219,George Washington Elementary School, 873 , 89 ,10.2%, 83 ,9.5%, 619 ,70.9%
Network 13,609739,George Washington High School," 1,436 ", 184 ,12.8%, 218 ,15.2%," 1,298 ",90.4%
Network 13,609726,Gwendolyn Brooks College Preparatory Academy HS, 961 , 2 ,0.2%, 59 ,6.1%, 692 ,72.0%
Network 13,609856,Henry Clay Elementary School, 618 , 165 ,26.7%, 80 ,12.9%, 513 ,83.0%
Network 13,609848,Ira F Aldridge Elementary School, 199 ,,, 23 ,11.6%, 177 ,88.9%
Network 13,609943,Jesse Owens Elementary Community Academy, 397 , 1 ,0.3%, 56 ,14.1%, 349 ,87.9%
Network 13,610176,John D Shoop Math-Science Technical Academy ES, 430 , 6 ,1.4%, 61 ,14.2%, 378 ,87.9%
Network 13,610054,John L Marsh Elementary School, 751 , 272 ,36.2%, 87 ,11.6%, 644 ,85.8%
Network 13,610225,John Whistler Elementary School, 344 ,,, 66 ,19.2%, 284 ,82.6%
Network 13,610199,Johnnie Colemon Elementary Academy, 251 , 15 ,6.0%, 26 ,10.4%, 193 ,76.9%
Network 13,610368,Langston Hughes Elementary School, 470 , 9 ,1.9%, 120 ,25.5%, 396 ,84.3%
Network 13,610128,Marcus Moziah Garvey Elementary School, 250 ,,, 13 ,5.2%, 212 ,84.8%
Network 13,609935,Matthew Gallistel Elementary Language Academy, 793 , 175 ,22.1%, 114 ,14.4%, 691 ,87.1%
Network 13,610208,Mildred I Lavizzo Elementary School, 357 , 2 ,0.6%, 49 ,13.7%, 316 ,88.5%
Network 13,610086,Mount Vernon Elementary School, 232 ,,, 48 ,20.7%, 201 ,86.6%
Network 13,609811,Orville T Bright Elementary School, 282 , 51 ,18.1%, 65 ,23.1%, 253 ,89.7%
Network 13,609762,Percy L Julian High School, 516 , 1 ,0.2%, 121 ,23.5%, 497 ,96.3%
Network 13,609902,Ralph H Metcalfe Elementary Community Academy, 387 , 2 ,0.5%, 56 ,14.5%, 344 ,88.9%
Network 13,610091,Ronald Brown Elementary Community Academy, 321 ,,, 36 ,11.2%, 290 ,90.3%
Network 13,610586,Southeast Area Elementary School, 518 , 158 ,30.5%, 76 ,14.7%, 426 ,82.2%
Network 13,610295,Thomas J Higgins Elementary Community Academy, 268 , 1 ,0.4%, 32 ,11.9%, 222 ,82.8%
Network 13,609978,Wendell Smith Elementary School, 360 , 1 ,0.3%, 59 ,16.4%, 319 ,88.6%
Network 13,610364,William E B Dubois Elementary School, 235 , 2 ,0.9%, 33 ,14.0%, 209 ,88.9%
AUSL,610339,Amos Alonzo Stagg Elementary School, 416 , 7 ,1.7%, 61 ,14.7%, 360 ,86.5%
AUSL,610106,Brian Piccolo Elementary Specialty School, 598 , 174 ,29.1%, 87 ,14.6%, 538 ,90.0%
AUSL,609883,Charles S Deneen Elementary School, 524 , 2 ,0.4%, 68 ,13.0%, 468 ,89.3%
AUSL,610248,Chicago Academy Elementary School, 602 , 185 ,30.7%, 82 ,13.6%, 411 ,68.3%
AUSL,610340,Chicago Academy High School, 542 , 59 ,10.9%, 110 ,20.3%, 445 ,82.1%
AUSL,610499,Collins Academy High School, 260 , 1 ,0.4%, 59 ,22.7%, 259 ,99.6%
AUSL,609885,Dewey Elementary Academy of Fine Arts, 420 , 13 ,3.1%, 35 ,8.3%, 372 ,88.6%
AUSL,610254,Dvorak Technology Academy, 383 ,,, 48 ,12.5%, 340 ,88.8%
AUSL,610543,Eric Solorio Academy High School," 1,190 ", 159 ,13.4%, 125 ,10.5%," 1,128 ",94.8%
AUSL,609900,George W Curtis Elementary School, 520 , 11 ,2.1%, 61 ,11.7%, 465 ,89.4%
AUSL,610103,Isabelle C O'Keeffe Elementary School, 662 , 2 ,0.3%, 83 ,12.5%, 582 ,87.9%
AUSL,610274,James Weldon Johnson Elementary School, 428 , 3 ,0.7%, 53 ,12.4%, 379 ,88.6%
AUSL,610263,John Foster Dulles Elementary School, 660 , 1 ,0.2%, 71 ,10.8%, 588 ,89.1%
AUSL,609971,John Harvard Elementary School of Excellence, 392 ,,, 57 ,14.5%, 341 ,87.0%
AUSL,610000,Julia Ward Howe Elementary School of Excellence, 481 , 3 ,0.6%, 70 ,14.6%, 434 ,90.2%
AUSL,610036,Leslie Lewis Elementary School, 486 , 76 ,15.6%, 44 ,9.1%, 384 ,79.0%
AUSL,610053,Marquette Elementary School," 1,171 ", 365 ,31.2%, 105 ,9.0%," 1,056 ",90.2%
AUSL,609928,Melville W Fuller Elementary School, 375 , 1 ,0.3%, 49 ,13.1%, 334 ,89.1%
AUSL,610257,Morton School of Excellence, 310 , 8 ,2.6%, 43 ,13.9%, 272 ,87.7%
AUSL,609806,Myra Bradwell Communications Arts & Sciences ES, 489 , 5 ,1.0%, 60 ,12.3%, 444 ,90.8%
AUSL,610231,National Teachers Elementary Academy, 723 , 30 ,4.2%, 64 ,8.9%, 520 ,71.9%
AUSL,610389,Orr Academy High School, 277 , 12 ,4.3%, 61 ,22.0%, 265 ,95.7%
AUSL,610021,Pablo Casals Elementary School, 437 , 78 ,17.9%, 40 ,9.2%, 377 ,86.3%
AUSL,610282,Ronald E McNair Elementary School, 399 , 26 ,6.5%, 90 ,22.6%, 343 ,86.0%
AUSL,610396,Tarkington School of Excellence ES, 997 , 312 ,31.3%, 100 ,10.0%, 860 ,86.3%
AUSL,609991,Theodore Herzl Elementary School, 589 , 3 ,0.5%, 91 ,15.5%, 508 ,86.3%
AUSL,609851,Thomas Chalmers Specialty Elementary School, 377 , 1 ,0.3%, 57 ,15.1%, 330 ,87.5%
AUSL,609955,Walter Q Gresham Elementary School, 325 , 1 ,0.3%, 39 ,12.0%, 292 ,89.9%
AUSL,609727,Wendell Phillips Academy High School, 634 , 4 ,0.6%, 152 ,24.0%, 598 ,94.3%
AUSL,610172,William T Sherman Elementary School, 257 , 6 ,2.3%, 28 ,10.9%, 231 ,89.9%
AUSL,609844,William W Carter Elementary School, 433 ,,, 42 ,9.7%, 393 ,90.8%
ISP,610342,Albert R Sabin Elementary Magnet School, 585 , 104 ,17.8%, 70 ,12.0%, 500 ,85.5%
ISP,610098,Alfred Nobel Elementary School, 775 , 278 ,35.9%, 98 ,12.7%, 702 ,90.6%
ISP,609837,Andrew Carnegie Elementary School, 635 , 2 ,0.3%, 59 ,9.3%, 502 ,79.1%
ISP,609951,Ariel Elementary Community Academy, 523 , 4 ,0.8%, 75 ,14.3%, 401 ,76.7%
ISP,609820,Augustus H Burley Elementary School, 533 , 12 ,2.3%, 67 ,12.6%, 89 ,16.7%
ISP,610563,Back of the Yards IB HS," 1,061 ", 99 ,9.3%, 76 ,7.2%," 1,023 ",96.4%
ISP,609764,Benito Juarez Community Academy High School," 1,734 ", 337 ,19.4%, 280 ,16.2%," 1,656 ",95.5%
ISP,610076,Bernhard Moos Elementary School, 465 , 130 ,28.0%, 61 ,13.1%, 393 ,84.5%
ISP,609821,Burnham Elementary Inclusive Academy, 522 , 5 ,1.0%, 61 ,11.7%, 463 ,88.7%
ISP,610039,Carl von Linne Elementary School, 665 , 213 ,32.0%, 83 ,12.5%, 513 ,77.1%
ISP,610148,Cesar E Chavez Multicultural Academic Center ES, 966 , 449 ,46.5%, 80 ,8.3%, 863 ,89.3%
ISP,610366,Charles H Wacker Elementary School, 298 ,,, 34 ,11.4%, 227 ,76.2%
ISP,609875,Charles R Darwin Elementary School, 518 , 192 ,37.1%, 74 ,14.3%, 401 ,77.4%
ISP,609753,Chicago High School for Agricultural Sciences, 718 , 8 ,1.1%, 132 ,18.4%, 321 ,44.7%
ISP,609899,Christian Ebinger Elementary School, 832 , 52 ,6.3%, 123 ,14.8%, 128 ,15.4%
ISP,609863,Christopher Columbus Elementary School, 284 , 117 ,41.2%, 15 ,5.3%, 213 ,75.0%
ISP,610402,DeVry University Advantage Academy HS, 193 , 1 ,0.5%, 4 ,2.1%, 143 ,74.1%
ISP,610533,Dr Jorge Prieto Math and Science, 999 , 410 ,41.0%, 193 ,19.3%, 890 ,89.1%
ISP,610073,Ellen Mitchell Elementary School, 400 , 57 ,14.3%, 41 ,10.3%, 187 ,46.8%
ISP,609973,Emiliano Zapata Elementary Academy, 773 , 380 ,49.2%, 117 ,15.1%, 686 ,88.8%
ISP,610203,Enrico Tonti Elementary School," 1,048 ", 332 ,31.7%, 92 ,8.8%, 864 ,82.4%
ISP,610541,Federico Garcia Lorca Elementary School, 830 , 376 ,45.3%, 126 ,15.2%, 744 ,89.6%
ISP,610120,Ferdinand Peck Elementary School, 943 , 563 ,59.7%, 78 ,8.3%, 708 ,75.1%
ISP,609939,Frank L Gillespie Elementary School, 494 , 3 ,0.6%, 74 ,15.0%, 424 ,85.8%
ISP,609958,Frank W Gunsaulus Elementary Scholastic Academy, 810 , 274 ,33.8%, 84 ,10.4%, 663 ,81.9%
ISP,609926,Franklin Elementary Fine Arts Center, 372 , 15 ,4.0%, 40 ,10.8%, 155 ,41.7%
ISP,610062,George B McClellan Elementary School, 339 , 57 ,16.8%, 83 ,24.5%, 272 ,80.2%
ISP,610040,Henry D Lloyd Elementary School," 1,097 ", 601 ,54.8%, 135 ,12.3%, 918 ,83.7%
ISP,610390,Hyman G Rickover Naval Academy High School, 553 , 29 ,5.2%, 59 ,10.7%, 491 ,88.8%
ISP,610217,James Ward Elementary School, 584 , 279 ,47.8%, 35 ,6.0%, 445 ,76.2%
ISP,609772,Jane Addams Elementary School, 716 , 243 ,33.9%, 69 ,9.6%, 595 ,83.1%
ISP,609789,John Barry Elementary School, 718 , 344 ,47.9%, 81 ,11.3%, 579 ,80.6%
ISP,609829,John C Burroughs Elementary School, 476 , 178 ,37.4%, 58 ,12.2%, 405 ,85.1%
ISP,610026,John H Kinzie Elementary School, 686 , 108 ,15.7%, 139 ,20.3%, 418 ,60.9%
ISP,610242,Joseph Brennemann Elementary School, 443 , 170 ,38.4%, 94 ,21.2%, 375 ,84.7%
ISP,610520,LaSalle II Magnet Elementary School, 590 , 24 ,4.1%, 74 ,12.5%, 207 ,35.1%
ISP,610024,Lazaro Cardenas Elementary School, 555 , 264 ,47.6%, 73 ,13.2%, 438 ,78.9%
ISP,610298,Lenart Elementary Regional Gifted Center, 284 , 3 ,1.1%, 11 ,3.9%, 85 ,29.9%
ISP,609738,Lincoln Park High School," 2,101 ", 68 ,3.2%, 170 ,8.1%," 1,141 ",54.3%
ISP,609834,Little Village Elementary School, 786 , 395 ,50.3%, 85 ,10.8%, 704 ,89.6%
ISP,609773,Louis A Agassiz Elementary School, 464 , 24 ,5.2%, 76 ,16.4%, 182 ,39.2%
ISP,610117,Louis Pasteur Elementary School, 708 , 288 ,40.7%, 66 ,9.3%, 568 ,80.2%
ISP,610197,Mancel Talcott Elementary School, 500 , 200 ,40.0%, 82 ,16.4%, 381 ,76.2%
ISP,610544,Mariano Azuela Elementary School, 886 , 258 ,29.1%, 81 ,9.1%, 732 ,82.6%
ISP,609780,Marine Leadership Academy at Ames, 864 , 143 ,16.6%, 68 ,7.9%, 831 ,96.2%
ISP,610177,Mark Skinner Elementary School," 1,094 ", 58 ,5.3%, 60 ,5.5%, 255 ,23.3%
ISP,610312,Mary E McDowell Elementary School, 154 , 1 ,0.7%, 12 ,7.8%, 126 ,81.8%
ISP,610082,Mount Greenwood Elementary School," 1,125 ", 7 ,0.6%, 117 ,10.4%, 158 ,14.0%
ISP,609692,Neal F Simeon Career Academy High School," 1,336 ",,, 133 ,10.0%," 1,229 ",92.0%
ISP,610201,Ole A Thorp Elementary Scholastic Academy, 849 , 82 ,9.7%, 106 ,12.5%, 406 ,47.8%
ISP,610386,Peace & Education Coalition HS, 103 , 12 ,11.7%, 18 ,17.5%, 99 ,96.1%
ISP,609842,Rachel Carson Elementary School," 1,094 ", 642 ,58.7%, 82 ,7.5%, 938 ,85.7%
ISP,609903,Richard Edwards Elementary School," 1,544 ", 698 ,45.2%, 170 ,11.0%," 1,254 ",81.2%
ISP,610291,Richard Henry Lee Elementary School, 862 , 212 ,24.6%, 117 ,13.6%, 756 ,87.7%
ISP,609695,Roald Amundsen High School," 1,226 ", 118 ,9.6%, 167 ,13.6%, 999 ,81.5%
ISP,609826,Rosario Castellanos Elementary School, 601 , 171 ,28.5%, 102 ,17.0%, 584 ,97.2%
ISP,609990,South Loop Elementary School, 780 , 70 ,9.0%, 48 ,6.2%, 244 ,31.3%
ISP,609745,Southside Occupational Academy High School, 269 , 27 ,10.0%, 269 ,100.0%, 245 ,91.1%
ISP,610249,Talman Elementary School, 435 , 204 ,46.9%, 78 ,17.9%, 353 ,81.2%
ISP,610504,Velma F Thomas Early Childhood Center, 163 , 82 ,50.3%, 58 ,35.6%, 65 ,39.9%
ISP,609944,Virgil Grissom Elementary School, 353 , 70 ,19.8%, 46 ,13.0%, 206 ,58.4%
ISP,610363,Walt Disney Magnet Elementary School," 1,564 ", 196 ,12.5%, 132 ,8.4%, 896 ,57.3%
ISP,610587,Walter Henri Dyett High School for the Arts, 328 ,,, 42 ,12.8%, 287 ,87.5%
ISP,609680,Walter Payton College Preparatory High School," 1,072 ", 8 ,0.8%, 46 ,4.3%, 346 ,32.3%
ISP,610179,Washington D Smyser Elementary School, 945 , 201 ,21.3%, 86 ,9.1%, 663 ,70.2%
ISP,609755,Whitney M Young Magnet High School," 2,158 ", 26 ,1.2%, 142 ,6.6%, 893 ,41.4%
ISP,609678,William Jones College Preparatory High School," 1,865 ", 19 ,1.0%, 120 ,6.4%, 731 ,39.2%
Charter,400010,ACE Technical Charter School, 316 , 22 ,7.0%, 68 ,21.5%, 304 ,96.2%
Charter,400172,ASPIRA Business and Finance, 487 , 150 ,30.8%, 105 ,21.6%, 466 ,95.7%
Charter,400013,ASPIRA Charter School - Early College High School, 376 , 104 ,27.7%, 92 ,24.5%, 356 ,94.7%
Charter,400017,ASPIRA Charter School - Haugan Middle School, 420 , 98 ,23.3%, 59 ,14.1%, 401 ,95.5%
Charter,400009,Academy for Global Citizenship Charter School, 469 , 171 ,36.5%, 47 ,10.0%, 316 ,67.4%
Charter,400081,Acero Charter Schools - Bartolomé de las Casas, 278 , 132 ,47.5%, 34 ,12.2%, 255 ,91.7%
Charter,400153,Acero Charter Schools - Brighton Park, 564 , 325 ,57.6%, 70 ,12.4%, 526 ,93.3%
Charter,400082,Acero Charter Schools - Carlos Fuentes, 549 , 253 ,46.1%, 72 ,13.1%, 484 ,88.2%
Charter,400114,Acero Charter Schools - Esmeralda Santiago, 283 , 136 ,48.1%, 53 ,18.7%, 252 ,89.1%
Charter,400112,Acero Charter Schools - Jovita Idar, 569 , 269 ,47.3%, 39 ,6.9%, 516 ,90.7%
Charter,400085,Acero Charter Schools - Major Hector P. Garcia MD, 598 , 125 ,20.9%, 84 ,14.1%, 561 ,93.8%
Charter,400083,Acero Charter Schools - Octavio Paz Campus, 368 , 190 ,51.6%, 43 ,11.7%, 344 ,93.5%
Charter,400089,Acero Charter Schools - Officer Donald J. Marquez, 570 , 344 ,60.4%, 61 ,10.7%, 520 ,91.2%
Charter,400080,Acero Charter Schools - PFC Omar E. Torres, 579 , 287 ,49.6%, 47 ,8.1%, 492 ,85.0%
Charter,400120,Acero Charter Schools - Roberto Clemente, 544 , 249 ,45.8%, 55 ,10.1%, 486 ,89.3%
Charter,400084,Acero Charter Schools - Rufino Tamayo, 287 , 179 ,62.4%, 43 ,15.0%, 257 ,89.6%
Charter,400079,Acero Charter Schools - SPC Daniel Zizumbo, 625 , 260 ,41.6%, 57 ,9.1%, 544 ,87.0%
Charter,400101,Acero Charter Schools - Sandra Cisneros, 537 , 248 ,46.2%, 42 ,7.8%, 485 ,90.3%
Charter,400121,Acero Charter Schools - Sor Juana Inés de la Cruz, 677 , 275 ,40.6%, 83 ,12.3%, 617 ,91.1%
Charter,400149,Acero Charter Schools - Victoria Soto, 551 , 152 ,27.6%, 77 ,14.0%, 524 ,95.1%
Charter,400011,Alain Locke Charter School, 499 ,,, 43 ,8.6%, 437 ,87.6%
Charter,400060,Asian Human Services - Passages Charter School, 447 , 181 ,40.5%, 48 ,10.7%, 366 ,81.9%
Charter,400023,CICS - Avalon/South Shore, 479 , 6 ,1.3%, 53 ,11.1%, 411 ,85.8%
Charter,400024,CICS - Basil, 737 , 61 ,8.3%, 83 ,11.3%, 648 ,87.9%
Charter,400025,CICS - Bucktown, 705 , 122 ,17.3%, 86 ,12.2%, 511 ,72.5%
Charter,400113,CICS - ChicagoQuest North, 262 , 8 ,3.1%, 60 ,22.9%, 247 ,94.3%
Charter,400027,CICS - Irving Park, 555 , 126 ,22.7%, 81 ,14.6%, 320 ,57.7%
Charter,400092,CICS - Lloyd Bond, 339 , 1 ,0.3%, 40 ,11.8%, 310 ,91.5%
Charter,400033,CICS - Longwood," 1,335 ", 8 ,0.6%, 234 ,17.5%," 1,226 ",91.8%
Charter,400026,CICS - Loomis Primary, 563 , 1 ,0.2%, 58 ,10.3%, 406 ,72.1%
Charter,400034,CICS - Northtown, 909 , 116 ,12.8%, 212 ,23.3%, 727 ,80.0%
Charter,400028,CICS - Prairie, 422 , 101 ,23.9%, 52 ,12.3%, 374 ,88.6%
Charter,400032,CICS - Ralph Ellison, 417 ,,, 78 ,18.7%, 383 ,91.9%
Charter,400029,CICS - Washington Park, 458 , 1 ,0.2%, 51 ,11.1%, 409 ,89.3%
Charter,400030,CICS - West Belden, 526 , 235 ,44.7%, 71 ,13.5%, 457 ,86.9%
Charter,400031,CICS - Wrightwood, 766 , 13 ,1.7%, 76 ,9.9%, 635 ,82.9%
Charter,400115,Catalyst - Maria Charter School," 1,077 ", 197 ,18.3%, 157 ,14.6%," 1,005 ",93.3%
Charter,400021,Catalyst Elementary Charter School - Circle Rock, 522 ,,, 56 ,10.7%, 444 ,85.1%
Charter,400161,Chicago Collegiate Charter School, 394 ,,, 67 ,17.0%, 359 ,91.1%
Charter,400035,Chicago Math and Science Academy Charter School, 592 , 80 ,13.5%, 57 ,9.6%, 536 ,90.5%
Charter,400036,Chicago Virtual Charter School, 696 , 45 ,6.5%, 106 ,15.2%, 488 ,70.1%
Charter,400159,Christopher House Charter School, 341 , 127 ,37.2%, 49 ,14.4%, 313 ,91.8%
Charter,400094,EPIC Academy Charter High School, 538 , 74 ,13.8%, 120 ,22.3%, 506 ,94.1%
Charter,400039,Erie Elementary Charter School, 420 , 173 ,41.2%, 72 ,17.1%, 349 ,83.1%
Charter,400171,Foundations College Preparatory Charter School, 227 , 2 ,0.9%, 57 ,25.1%, 209 ,92.1%
Charter,400040,Frazier Preparatory Academy Charter School, 361 ,,, 29 ,8.0%, 314 ,87.0%
Charter,400168,Great Lakes Academy Charter School, 297 , 18 ,6.1%, 17 ,5.7%, 221 ,74.4%
Charter,400167,Horizon Science Academy Southwest Chicago Charter, 719 , 160 ,22.3%, 89 ,12.4%, 669 ,93.1%
Charter,400104,Instituto Health Sciences Career Academy, 750 , 178 ,23.7%, 146 ,19.5%, 727 ,96.9%
Charter,400162,Intrinsic Charter School," 1,012 ", 103 ,10.2%, 178 ,17.6%, 859 ,84.9%
Charter,400146,KIPP Academy Chicago Campus, 346 , 2 ,0.6%, 54 ,15.6%, 322 ,93.1%
Charter,400044,KIPP Ascend Charter School, 904 , 10 ,1.1%, 115 ,12.7%, 837 ,92.6%
Charter,400163,KIPP Chicago Charter School - KIPP Bloom, 357 , 6 ,1.7%, 63 ,17.7%, 332 ,93.0%
Charter,400180,KIPP One Academy, 423 , 34 ,8.0%, 45 ,10.6%, 361 ,85.3%
Charter,400045,Kwame Nkrumah Academy Charter School, 178 , 1 ,0.6%, 25 ,14.0%, 152 ,85.4%
Charter,400047,L.E.A.R.N. - Charles and Dorothy Campbell Campus, 402 , 8 ,2.0%, 31 ,7.7%, 362 ,90.1%
Charter,400048,L.E.A.R.N. - Excel Campus, 452 , 5 ,1.1%, 55 ,12.2%, 396 ,87.6%
Charter,400111,L.E.A.R.N. - Hunter Perkins Campus, 503 ,,, 48 ,9.5%, 412 ,81.9%
Charter,400165,L.E.A.R.N. - Middle School Campus, 306 , 2 ,0.7%, 50 ,16.3%, 288 ,94.1%
Charter,400046,L.E.A.R.N. - Romano Butler Campus, 582 , 2 ,0.3%, 58 ,10.0%, 523 ,89.9%
Charter,400107,L.E.A.R.N. - South Chicago Campus, 454 , 32 ,7.1%, 42 ,9.3%, 375 ,82.6%
Charter,400151,L.E.A.R.N. Charter School - 7th Campus, 317 ,,, 36 ,11.4%, 277 ,87.4%
Charter,400049,Legacy Charter School, 468 , 1 ,0.2%, 61 ,13.0%, 415 ,88.7%
Charter,400119,Legal Prep Charter Academy, 314 ,,, 72 ,22.9%, 301 ,95.9%
Charter,400178,Moving Everest Charter School, 364 , 1 ,0.3%, 40 ,11.0%, 294 ,80.8%
Charter,400050,Namaste Charter School, 489 , 211 ,43.2%, 85 ,17.4%, 369 ,75.5%
Charter,400157,Noble - Baker College Prep, 363 , 19 ,5.2%, 89 ,24.5%, 327 ,90.1%
Charter,400156,Noble - Butler College Prep, 647 , 12 ,1.9%, 127 ,19.6%, 596 ,92.1%
Charter,400097,Noble - Chicago Bulls College Prep," 1,137 ", 88 ,7.7%, 160 ,14.1%," 1,001 ",88.0%
Charter,400118,Noble - DRW College Prep, 514 , 5 ,1.0%, 144 ,28.0%, 486 ,94.6%
Charter,400052,Noble - Gary Comer College Prep," 1,099 ", 6 ,0.6%, 180 ,16.4%, 953 ,86.7%
Charter,400053,Noble - Golder College Prep, 664 , 86 ,13.0%, 102 ,15.4%, 598 ,90.1%
Charter,400117,Noble - Hansberry College Prep, 642 , 8 ,1.3%, 145 ,22.6%, 538 ,83.8%
Charter,400169,Noble - ITW David Speer Academy," 1,019 ", 98 ,9.6%, 143 ,14.0%, 912 ,89.5%
Charter,400106,Noble - John and Eunice Johnson College Prep, 802 , 9 ,1.1%, 165 ,20.6%, 767 ,95.6%
Charter,400098,Noble - Muchin College Prep, 959 , 66 ,6.9%, 109 ,11.4%, 802 ,83.6%
Charter,400051,Noble - Noble College Prep, 651 , 59 ,9.1%, 80 ,12.3%, 576 ,88.5%
Charter,400054,Noble - Pritzker College Prep, 986 , 118 ,12.0%, 105 ,10.7%, 930 ,94.3%
Charter,400055,Noble - Rauner College Prep, 632 , 77 ,12.2%, 87 ,13.8%, 520 ,82.3%
Charter,400056,Noble - Rowe-Clark Math and Science Academy, 468 , 27 ,5.8%, 118 ,25.2%, 435 ,93.0%
Charter,400170,Noble - The Noble Academy, 499 , 34 ,6.8%, 73 ,14.6%, 412 ,82.6%
Charter,400057,Noble - UIC College Prep, 935 , 80 ,8.6%, 137 ,14.7%, 801 ,85.7%
Charter,400179,Noble Mansueto High School, 526 , 109 ,20.7%, 82 ,15.6%, 480 ,91.3%
Charter,400058,North Lawndale College Prep - Christiana, 358 ,,, 65 ,18.2%, 348 ,97.2%
Charter,400059,North Lawndale College Prep - Collins, 355 ,,, 60 ,16.9%, 344 ,96.9%
Charter,400062,Perspectives - High School of Technology, 334 , 1 ,0.3%, 64 ,19.2%, 301 ,90.1%
Charter,400061,Perspectives - Leadership Academy, 437 ,,, 76 ,17.4%, 413 ,94.5%
Charter,400066,Perspectives - Math and Science Academy, 461 , 4 ,0.9%, 95 ,20.6%, 415 ,90.0%
Charter,400064,Perspectives - Rodney D. Joslin, 389 , 8 ,2.1%, 75 ,19.3%, 335 ,86.1%
Charter,400069,Polaris Charter Academy, 444 , 6 ,1.4%, 70 ,15.8%, 402 ,90.5%
Charter,400071,Providence Englewood Charter School, 511 , 9 ,1.8%, 55 ,10.8%, 432 ,84.5%
Charter,400096,Rowe Elementary Charter School," 1,009 ", 233 ,23.1%, 127 ,12.6%, 826 ,81.9%
Charter,400116,The Montessori School of Englewood Charter, 309 , 1 ,0.3%, 45 ,14.6%, 257 ,83.2%
Charter,400078,University of Chicago - Carter G. Woodson, 214 , 3 ,1.4%, 27 ,12.6%, 179 ,83.6%
Charter,400075,University of Chicago - Donoghue, 539 , 8 ,1.5%, 21 ,3.9%, 423 ,78.5%
Charter,400076,University of Chicago - North Kenwood/Oakland, 356 , 4 ,1.1%, 21 ,5.9%, 235 ,66.0%
Charter,400077,University of Chicago - Woodlawn, 645 , 2 ,0.3%, 103 ,16.0%, 541 ,83.9%
Charter,400105,Urban Prep Academy for Young Men - Bronzeville, 315 ,,, 66 ,21.0%, 258 ,81.9%
Charter,400086,Urban Prep Academy for Young Men - Englewood, 263 , 1 ,0.4%, 66 ,25.1%, 234 ,89.0%
Charter,400102,Urban Prep Charter Academy for Young Men - West, 213 ,,, 58 ,27.2%, 186 ,87.3%
Charter,400087,Young Women's Leadership Charter School, 193 ,,, 60 ,31.1%, 179 ,92.8%
Contract,400022,Chicago High School for the Arts (ChiArts), 619 , 5 ,0.8%, 37 ,6.0%, 331 ,53.5%
Contract,400091,Chicago Technology Academy High School, 242 , 3 ,1.2%, 60 ,24.8%, 219 ,90.5%
Contract,400043,Hope Institute Learning Academy, 363 , 10 ,2.8%, 72 ,19.8%, 305 ,84.0%
Contract,400068,Plato Learning Academy, 389 , 1 ,0.3%, 38 ,9.8%, 354 ,91.0%
Options,610581,Bridgescape Academy Brainerd, 173 ,,, 35 ,20.2%, 150 ,86.7%
Options,610580,Bridgescape Academy Humboldt Park, 163 , 18 ,11.0%, 33 ,20.3%, 154 ,94.5%
Options,610567,Bridgescape Academy Roseland, 168 ,,, 37 ,22.0%, 150 ,89.3%
Options,610566,Bridgscape Academy Lawndale, 167 , 1 ,0.6%, 35 ,21.0%, 157 ,94.0%
Options,400147,Camelot - Chicago Excel Academy, 300 , 2 ,0.7%, 68 ,22.7%, 274 ,91.3%
Options,610565,Camelot Excel - Englewood HS, 252 , 1 ,0.4%, 52 ,20.6%, 238 ,94.4%
Options,400175,Camelot Excel - Southshore HS, 150 , 2 ,1.3%, 32 ,21.3%, 135 ,90.0%
Options,400176,Camelot Excel - Southwest HS, 131 , 2 ,1.5%, 35 ,26.7%, 126 ,96.2%
Options,610572,Camelot Safe Elementary, 5 ,,, 2 ,40.0%, 5 ,100.0%
Options,610573,Camelot Safe HS, 6 ,,, 1 ,16.7%, 6 ,100.0%
Options,400164,Instituto - Justice Lozano Mastery, 85 , 26 ,30.6%, 17 ,20.0%, 83 ,97.7%
Options,400137,Little Black Pearl Art and Design Academy, 118 ,,, 27 ,22.9%, 100 ,84.8%
Options,610569,Ombudsman Chicago- Northwest, 235 , 17 ,7.2%, 45 ,19.2%, 193 ,82.1%
Options,610570,Ombudsman Chicago- South, 495 , 39 ,7.9%, 80 ,16.2%, 459 ,92.7%
Options,610571,Ombudsman Chicago- West, 367 , 33 ,9.0%, 63 ,17.2%, 345 ,94.0%
Options,610557,Pathways in Education- Ashburn, 278 , 29 ,10.4%, 33 ,11.9%, 244 ,87.8%
Options,610568,Pathways in Education- Avondale, 285 , 31 ,10.9%, 55 ,19.3%, 254 ,89.1%
Options,400173,Pathways in Education- Brighton Park, 343 , 28 ,8.2%, 38 ,11.1%, 323 ,94.2%
Options,400123,YCCS- Academy of Scholastic Achievement HS, 148 ,,, 33 ,22.3%, 136 ,91.9%
Options,400133,YCCS- Innovations HS of Arts Integration, 414 , 5 ,1.2%, 87 ,21.0%, 385 ,93.0%
Options,400124,YCCS- McKinley Lakeside Leadership HS, 155 , 2 ,1.3%, 39 ,25.2%, 150 ,96.8%
Options,400125,"YCCS-ASPIRA,Antonia Pantoja Alternative HS", 183 , 45 ,24.6%, 38 ,20.8%, 162 ,88.5%
Options,400126,YCCS-Association House HS, 142 , 9 ,6.3%, 34 ,23.9%, 135 ,95.1%
Options,400127,YCCS-Austin Career Education Center HS, 146 ,,, 22 ,15.1%, 137 ,93.8%
Options,400128,YCCS-CCA Academy HS, 165 ,,, 33 ,20.0%, 156 ,94.6%
Options,400150,YCCS-Chatham AcademyHS, 162 ,,, 26 ,16.1%, 149 ,92.0%
Options,400130,YCCS-Community Youth Development Institute HS, 156 ,,, 30 ,19.2%, 148 ,94.9%
Options,400131,YCCS-Dr. Pedro Albizu Campos Puerto Rican HS, 197 , 16 ,8.1%, 52 ,26.4%, 180 ,91.4%
Options,400134,YCCS-Jane Addams Alternative HS, 210 , 13 ,6.2%, 33 ,15.7%, 200 ,95.2%
Options,400135,YCCS-Latino Youth Alternative HS, 226 , 40 ,17.7%, 51 ,22.6%, 213 ,94.3%
Options,400136,YCCS-Olive Harvey Middle College HS, 103 , 1 ,1.0%, 14 ,13.6%, 88 ,85.4%
Options,400129,YCCS-Progressive Leadership Academy, 155 ,,, 34 ,21.9%, 151 ,97.4%
Options,400139,YCCS-Sullivan House Alternative HS, 330 ,,, 68 ,20.6%, 316 ,95.8%
Options,400141,YCCS-Truman Middle College HS, 217 , 14 ,6.5%, 26 ,12.0%, 170 ,78.3%
Options,400143,YCCS-West Town Acad Alternative HS, 130 , 5 ,3.9%, 23 ,17.7%, 125 ,96.2%
Options,400144,YCCS-Westside Holistic Leadership Acad HS, 95 , 4 ,4.2%, 11 ,11.6%, 89 ,93.7%
Options,400145,YCCS-Youth Connection Leadership Acad HS, 223 , 2 ,0.9%, 40 ,17.9%, 212 ,95.1%
,,,,,,,,,
"Note: ""Economically Disadvantaged Students"" come from families whose income is within 185 percent of the federal poverty line. The District formerly referred to these students as ""Free or Reduced Lunch Eligible Students,"" and adopted the new term after the federal government, under the Community Eligibility Provision, funded breakfasts and lunches for all students if more than 40 percent of students qualify. ",,,,,,,,,
"Note: ""Bilingual"" refers to the state defintions of students who are English learners.",,,,,,,,,
